"STUDY","CHR","SNP","FEM_HOM1","FEM_HET","FEM_HOM2","FEM_MISSING","MALE_HOM1","MALE_HET","MALE_HOM2","MALE_MISSING","FEM_EXP_HOM1","MALE_EXP_HOM1","MISSING_PVAL","HOM1_PVAL"
"biovu",3,"JHU_3.16652239",3270,14703,16273,23,2,14481,12980,28,3294.29020177539,1909.98092888614,0.158570475184726,1.31423660701437e-190
"biovu",7,"rs145369881",0,1025,32479,765,0,1048,25947,496,7.83954900907354,10.1713650676051,0.000195779161603233,1.93522325098729e-08
"biovu",7,"rs77638744",587,7538,25972,172,7,6308,20949,227,556.492829281168,366.487712734742,8.41467065575439e-07,2.65173102043935e-31
"biovu",13,"JHU_13.20119335",2097,12506,19644,22,2,11907,15538,44,2035.87175519024,1292.23522607207,0.000429066579558333,1.08072245298647e-119
"biovu",14,"14:35761675-C-G",1040,9726,23489,14,3,8424,19030,34,1017.23570281711,647.056306224278,0.000368368004266683,7.42153311291914e-61
"ukb",1,"rs75745570",0,20101,235065,9647,0,18212,197688,7578,395.869944467523,384.063158869847,1.96212928873441e-06,0
"ukb",4,"rs114928327",0,16180,207441,41192,0,15255,174386,33837,292.674212171487,306.783639877453,6.47870507523875e-05,1.57185132178529e-260
"ukb",10,"rs11598874",0,26021,233313,5479,0,20666,198335,4477,652.722397564531,487.536079743928,0.10614311205138,0
"ukb",11,"rs11032483",0,11973,249819,3021,0,8147,212648,2683,136.895635657316,75.1529801399488,0.0542452897674647,7.65719027074689e-92
"ukb",11,"rs75212444",1,7229,254713,2870,0,6903,213948,2627,49.9033768797028,53.9406760666694,0.00250876615053382,1.23040726306431e-43
"ukb",12,"rs7298104",0,9733,248201,6879,0,8993,208850,5635,91.8173728550714,92.8123109303489,0.0944592671449958,9.10806542883692e-81
"ukb",19,"rs116890400",0,6069,257112,1632,0,5806,216066,1606,34.9880509991223,37.9832020263936,1.22670516152747e-05,2.67783027643221e-32
"ukb",21,"rs73196350",1,20092,239891,4829,1,18037,201121,4319,388.263158502062,371.197989815613,0.00516514560675691,0
"ukb",1,"rs72670911",0,6647,193616,64550,0,4578,163815,55085,55.155731463126,31.1148385027881,0.0270604413891585,7.71499152554655e-38
"ukb",1,"rs2136093",21916,104457,121496,16944,18384,87419,105351,12324,22178.678577192,18259.6718141735,1.39934874430314e-38,0.241615748468755
"ukb",1,"rs12755128",4146,54726,181026,24915,2321,46064,152713,22380,4138.4966985969,3196.3252195447,1.04681633913693e-12,1.23723494297003e-25
"ukb",1,"rs12731609",13387,93584,133245,24597,12559,79374,112719,18826,15076.0650456256,13337.9811387135,3.58069367009646e-26,2.28199577140597e-53
"ukb",1,"rs12749856",13460,83308,126107,41938,11149,67966,108027,36336,13628.9534312956,10884.2345598529,6.20916427994711e-05,0.741793945259929
"ukb",1,"rs17492329",16043,96467,145252,7051,11210,82055,123181,7032,16028.2293443176,12607.1001831866,9.56183257279402e-24,1.87941207065176e-17
"ukb",1,"rs6427952",57376,129553,68404,9480,48700,110057,54931,9790,58438.3266410922,50351.9229542604,2.43165845244453e-46,2.4790674784589e-21
"ukb",1,"rs114291166",0,13611,241140,10062,0,12440,203642,7396,181.804311857461,179.044992178895,3.31737370252472e-20,2.36647056883801e-157
"ukb",1,"rs76712070",0,30522,225057,9234,0,21382,192923,9173,911.256875564894,533.340244044703,1.96873203700416e-29,0
"ukb",1,"rs2491862",56138,129081,72781,6813,48137,109382,58972,6987,56446.900628876,48840.8182511051,3.89855254642491e-31,0.0002146978393248
"ukb",2,"rs79025787",11758,97647,142958,12450,14232,81427,120332,7487,14543.0120193927,13977.4711457885,1.5074294305518e-126,8.86878518178625e-55
"ukb",2,"rs115150096",0,14493,240100,10220,1,13461,202583,7433,206.257682850668,209.739138836816,2.10934738563785e-23,1.6208493009166e-178
"ukb",2,"rs1303828",5246,59719,151604,48244,4311,47929,129643,41595,5690.54726322789,4395.70438276255,0.000400326730675455,4.73654717756644e-08
"ukb",3,"rs11710967",4630,60561,198915,707,2006,51254,168202,2016,4614.59796540026,3447.9174260144,3.40270727809876e-198,4.18117639370992e-61
"ukb",3,"rs116763244",0,12151,250917,1745,0,11001,210715,1762,140.312391662992,136.460608390915,1.00133023228641e-07,8.09493648509324e-121
"ukb",4,"rs13117803",10879,84441,168792,701,5087,72030,141441,4920,10675.6107266993,7729.6388327126,0,1.37913076098035e-77
"ukb",4,"rs74863689",0,24678,213903,26232,0,19753,183293,20432,638.151910671847,480.409622696335,1.51648695285297e-19,0
"ukb",4,"rs72641554",136,11530,244769,8378,101,8711,209228,5438,135.791919979722,91.0860037149147,1.5381403264172e-53,0.776377680931893
"ukb",4,"rs62306016",5279,63223,191784,4527,3444,52935,162444,4655,5228.51398173548,4088.68278128899,1.36399737464181e-21,1.99859177890341e-10
"ukb",4,"rs11932211",0,18255,241062,5496,0,14018,207322,2138,321.271865130323,221.948500045179,9.32631050043997e-226,3.20632408118907e-236
"ukb",5,"rs77027000",1,11975,242805,10032,0,11389,202676,9413,140.756697909185,151.483569242987,5.07010726021219e-14,1.00955470707941e-124
"ukb",5,"rs4571441",68,5516,250055,9174,65,5369,209679,8365,31.2404445331111,35.1431584794968,1.88739448085226e-07,0.999999999999858
"ukb",6,"rs75894238",0,9808,247482,7523,0,9837,207975,5666,93.4712425667535,111.066618230401,5.15469722567085e-11,5.48969566090779e-89
"ukb",6,"rs2523933",22833,112294,126187,3499,21562,94026,105490,2400,23871.0532156716,21270.911737034,2.6266679672475e-15,0.000127887451843526
"ukb",6,"rs3094144",60322,132338,67359,4794,54549,109102,57050,2777,61533.8612985974,53931.8353790875,1.81718035124925e-58,0.0244536077264269
"ukb",6,"rs3734837",5987,66149,177363,15314,4932,54028,155136,9382,6115.45850784973,4766.77245721545,1.52218367073704e-141,0.665636408221917
"ukb",6,"rs6568472",60670,129529,70653,3961,48553,110680,59936,4309,60317.0142082484,49248.549972852,2.7210697296471e-31,0.122281201666843
"ukb",6,"rs113562373",112,13188,239002,12511,74,10181,204346,8877,178.240505426037,124.286747265856,1.1273392940289e-37,4.72151676847917e-13
"ukb",6,"rs6569673",11845,76077,143174,33717,9545,61751,122194,29988,10767.6618039689,8443.93415809603,1.36706819970228e-12,1
"ukb",7,"rs74675632",625,22349,217970,23869,465,17892,185918,19203,577.844645436284,433.567108065108,2.39482868744232e-07,0.993529905116377
"ukb",7,"rs3800962",40811,128614,90368,5020,39577,107280,75309,1312,42533.0702674822,39112.236296283,0,1.12251534837562e-06
"ukb",7,"rs76083184",0,30684,198490,35639,0,24327,171948,27203,1027.06661314111,753.793056935422,7.9463874091144e-41,0
"ukb",7,"rs7432",941,28744,231667,3461,798,23007,197927,1746,897.211305059843,682.476603512348,1.10311533330819e-72,0.999966804461163
"ukb",7,"rs79236716",0,7913,249372,7528,0,5503,212297,5678,60.8426151932682,34.7601113406795,8.51287534163345e-11,7.19728718973097e-42
"ukb",7,"rs78017395",4,5448,226399,32962,21,5320,187717,30420,32.0981319899418,37.2310963544634,1.8789433260041e-33,1.09658124304364e-09
"ukb",7,"rs76096317",0,7728,250010,7075,0,5797,213752,3929,57.9289666250223,38.2661831755098,1.08422339836062e-103,2.39255498654198e-42
"ukb",7,"rs1860150",55045,115985,55194,38589,45515,96243,47854,33866,56481.5245343111,46240.7133106027,1.24949549203888e-08,3.92770115630103e-15
"ukb",8,"rs117679919",1,4853,207676,52283,0,3544,177610,42324,27.7267032889474,17.3332302902503,1.34320088250432e-12,1.5984687081354e-18
"ukb",9,"rs78912274",490,23066,235982,5275,389,17684,202295,3110,556.960942135641,386.677562077979,4.76941497576076e-59,0.0204268734745986
"ukb",9,"rs1075654",2767,48127,210031,3888,2430,42332,170109,8607,2758.93735843633,2591.18827575615,0,0.0205547982181162
"ukb",10,"rs17399746",205,12919,249856,1833,165,10348,212167,798,168.893300821355,128.008447098976,4.85445146433428e-59,0.999981929617165
"ukb",10,"rs10885997",38554,127646,91741,6872,37164,106051,78050,2213,40633.5174671727,36762.0089496757,0,3.09177665868282e-11
"ukb",11,"rs34701876",12,12224,244507,8070,9,9548,209573,4348,146.073606680611,104.399621229407,1.03874799604411e-133,1.16249146212265e-78
"ukb",11,"rs74415847",65,10639,231082,23027,62,8174,198194,17048,119.911162143383,83.3900159860486,7.21172413234301e-42,7.09960383601267e-09
"ukb",11,"rs1790186",0,25712,224095,15006,0,20966,191835,10677,661.617712874339,516.413405012195,6.46733982982388e-44,0
"ukb",12,"rs74975458",0,5804,221820,37189,1,5430,185226,32821,36.9978736864303,38.6907168370424,1.75903605362242e-10,1.22243096352351e-31
"ukb",12,"rs117581727",0,16041,226062,22710,0,11641,194619,17218,265.706828292091,164.250073935809,1.52189482171811e-28,2.19906114107609e-186
"ukb",12,"rs17096606",889,26493,235712,1719,37,22586,199976,879,759.471368598296,576.682285185468,3.41345283278686e-35,9.79894313360401e-33
"ukb",12,"rs79387839",6537,70077,185707,2492,4272,58257,158170,2779,6589.33977931618,5054.81855490963,2.93370107270985e-24,1.98399644264014e-15
"ukb",13,"rs3933766",3776,54850,197950,8237,785,48293,167091,7309,3794.20678863183,2875.4339995559,0.00154559693744818,4.62588511636608e-167
"ukb",14,"rs78639510",0,20205,233515,11093,0,15753,199024,8701,402.25644903831,288.8542639575,1.77039798745171e-07,1.08179041229843e-300
"ukb",15,"rs1490078",9195,62926,157389,35303,7268,50824,136705,28681,7202.61846542634,5482.54028552801,2.84998779288352e-07,1
"ukb",15,"rs113007156",159,14835,221666,28153,140,15056,180896,27386,242.556208273472,299.850192766661,1.19075464833672e-70,2.16022017454387e-29
"ukb",15,"rs77967925",0,5236,214840,44737,0,3697,184211,35570,31.1434413566223,18.1841765651276,4.1991198557266e-20,5.83527419713377e-22
"ukb",15,"rs9652490",12794,92243,153358,6418,11792,79003,128089,4594,13433.0623280249,12020.1711511577,5.47522665932654e-18,1.17384922275761e-08
"ukb",15,"rs112807160",329,19602,209459,35423,0,12899,176850,33729,447.34687649854,219.216176369836,1.13182609663015e-65,1.67609826444672e-45
"ukb",15,"rs55786559",1016,29438,224680,9679,390,24116,189995,8977,970.432106265727,722.386860667316,5.22987364885874e-11,4.14591941466817e-13
"ukb",15,"rs75932209",23,7226,256834,730,0,5584,217083,811,50.0618972065601,35.0086182505715,7.23027290160925e-08,1.66884983122216e-15
"ukb",18,"rs77759352",0,14576,244330,5907,2,14339,203637,5500,205.15146037558,235.943133022599,1.17590306807018e-07,2.97859637091438e-186
"ukb",18,"rs2048485",5742,67128,190298,1645,2599,55534,161951,3394,5870.62878465467,4189.73644608422,2.71171970242117e-211,1.703569712882e-70
"ukb",18,"rs72909602",1,8380,243968,12464,0,7872,206110,9496,69.603925515853,72.3990616033124,1.42728111363201e-14,3.9795314620218e-60
"ukb",18,"rs78798269",0,18811,212054,33948,1,16504,174757,32216,383.182510341542,356.118878815447,3.98874079451916e-59,5.30418996062245e-319
"ukb",19,"rs35425941",0,13236,235850,15727,0,12326,197089,14063,175.834547104213,181.374634099754,2.70682559575506e-07,1.38225326572157e-155
"ukb",19,"rs12609654",41317,109919,67231,46346,36365,91704,53010,42399,42428.2131958145,37329.7571170594,3.57565561122905e-40,1.42262225177756e-16
