STUDY	CHR	SNP	MALE_HOM1	MALE_HET	MALE_HOM2	MALE_MISSING	FEM_HOM1	FEM_HET	FEM_HOM2	FEM_MISSING	MISSING_PVAL	HOM1_PVAL	OR	ASSOC_PVAL
biovu	3	rs9870157	2	14481	12980	28	3270	14703	16273	23	1.59E-01	1.31E-190	1.31	2.82E-83
biovu	7	rs145369881	0	1048	25947	496	0	1025	32479	765	1.96E-04	1.94E-08	0.78	3.25E-08
biovu	7	rs77638744	7	6308	20949	227	587	7538	25972	172	8.41E-07	2.65E-31	1.12	1.52E-10
biovu	13	rs9508454	2	11907	15538	44	2097	12506	19644	22	4.29E-04	1.08E-119	1.19	1.26E-31
biovu	14	rs1048990	3	8424	19030	34	1040	9726	23489	14	3.68E-04	7.42E-61	1.16	1.94E-20
ukb	1	rs75745570	0	18212	197688	3160	0	20101	235065	3507	1.12E-02	0.00E+00	0.92	7.6E-14
ukb	4	rs114928327	0	15255	174386	33837	0	16180	207441	41192	6.48E-05	1.57E-260	0.89	4.09E-22
ukb	10	rs11598874	0	20666	198335	4477	0	26021	233313	5479	1.06E-01	0.00E+00	1.07	1.94E-12
ukb	11	rs11032483	0	8147	212648	2683	0	11973	249819	3021	5.42E-02	7.66E-92	1.25	1.33E-53
ukb	11	rs75212444	0	6903	213948	2627	1	7229	254713	2870	2.51E-03	1.23E-43	0.88	2.35E-13
ukb	12	rs7298104	0	8993	208850	5635	0	9733	248201	6879	9.45E-02	9.11E-81	0.91	5.97E-10
ukb	19	rs116890400	0	5806	216066	1606	0	6069	257112	1632	1.23E-05	2.68E-32	0.88	1.02E-11
ukb	21	rs73196350	1	18037	201121	4319	1	20092	239891	4829	5.17E-03	0.00E+00	0.94	5.19E-10
ukb	1	rs72670911	0	4578	163815	50667	0	6647	193616	58410	6.75E-06	7.71E-38	1.227	1.12E-25
ukb	1	rs2136093	18384	87419	105351	7906	21916	104457	121496	10804	5.32E-24	2.42E-01	1.026	4.15E-08
ukb	1	rs12755128	2321	46064	152713	17962	4146	54726	181026	18775	5.6E-34	1.24E-25	1.046	3.38E-12
ukb	1	rs12731609	12559	79374	112719	14408	13387	93584	133245	18457	2.87E-14	2.28E-53	0.9729	3.44E-08
ukb	1	rs12749856	11149	67966	108027	31918	13460	83308	126107	35798	5.36E-13	7.42E-01	1.031	2.63E-09
ukb	1	rs17492329	11210	82055	123181	2614	16043	96467	145252	911	2.39E-257	1.88E-17	1.04	4.08E-16
ukb	1	rs6427952	48700	110057	54931	5372	57376	129553	68404	3340	4.13E-196	2.48E-21	0.9743	6.36E-10
ukb	1	rs114291166	0	12440	203642	2978	0	13611	241140	3922	5.8E-06	2.37E-157	0.919	4.1E-11
ukb	1	rs76712070	0	21382	192923	4755	0	30522	225057	3094	2.14E-153	0.00E+00	1.225	6.36E-102
ukb	1	rs2491862	48137	109382	58972	2569	56138	129081	72781	673	0	2.15E-04	0.9711	1.58E-12
ukb	2	rs79025787	14232	81427	120332	3075	11758	97647	142958	6379	4.98E-156	8.87E-55	0.9209	1.06E-63
ukb	2	rs115150096	1	13461	202583	3021	0	14493	240100	4149	1.85E-10	1.62E-178	0.9048	6.18E-16
ukb	2	rs1303828	4311	47929	129643	37183	5246	59719	151604	42173	4.5E-10	4.74E-08	1.051	1.02E-15
ukb	3	rs11710967	2006	51254	168202	2016	4630	60561	198915	707	2.57E-198	4.18E-61	1.071	1.94E-28
ukb	3	rs116763244	0	11001	210715	1762	0	12151	250917	1745	9.55E-08	8.09E-121	0.9273	2.38E-08
ukb	4	rs13117803	5087	72030	141441	4920	10879	84441	168792	701	0	1.38E-77	1.091	2.27E-60
ukb	4	rs74863689	0	19753	183293	20432	0	24678	213903	26232	1.48E-19	0.00E+00	1.076	4.12E-13
ukb	4	rs72641554	101	8711	209228	5438	136	11530	244769	8378	1.44E-53	7.76E-01	1.126	6.23E-17
ukb	4	rs62306016	3444	52935	162444	4655	5279	63223	191784	4527	1.3E-21	2.00E-10	1.045	1.4E-13
ukb	4	rs11932211	0	14018	207322	2138	0	18255	241062	5496	7.72E-226	3.21E-236	1.101	5.84E-16
ukb	5	rs77027000	0	11389	202676	5030	1	11975	242805	3961	1.9E-83	1.01E-124	0.8723	3.24E-24
ukb	5	rs4571441	65	5369	209679	3982	68	5516	250055	3103	3.53E-69	1.00E+00	0.869	2.29E-13
ukb	6	rs75894238	0	9837	207975	5666	0	9808	247482	7523	5.01E-11	5.49E-89	0.8346	3.59E-35
ukb	6	rs2523933	21562	94026	105490	2400	22833	112294	126187	3499	2.49E-15	1.28E-04	0.9647	7.27E-16
ukb	6	rs3094144	54549	109102	57050	2777	60322	132338	67359	4794	1.65E-58	2.45E-02	0.9662	7.01E-17
ukb	6	rs3734837	4932	54028	155136	9382	5987	66149	177363	15314	1.41E-141	6.66E-01	1.06	3.01E-23
ukb	6	rs6568472	48553	110680	59936	4309	60670	129529	70653	3961	2.55E-31	1.22E-01	1.029	8.64E-12
ukb	6	rs113562373	74	10181	204346	8877	112	13188	239002	12511	1.08E-37	4.72E-13	1.112	2.41E-15
ukb	6	rs6569673	9545	61751	122194	29988	11845	76077	143174	33717	1.35E-12	1.00E+00	1.036	8.04E-11
ukb	7	rs74675632	465	17892	185918	19203	625	22349	217970	23869	2.36E-07	9.94E-01	1.067	1E-10
ukb	7	rs3800962	39577	107280	75309	1312	40811	128614	90368	5020	0	1.12E-06	0.9401	1.55E-48
ukb	7	rs76083184	0	24327	171948	27203	0	30684	198490	35639	7.73E-41	0.00E+00	1.094	2.92E-22
ukb	7	rs7432	798	23007	197927	1746	941	28744	231667	3461	9.69E-73	1.00E+00	1.06	4.88E-11
ukb	7	rs79236716	0	5503	212297	5678	0	7913	249372	7528	8.26E-11	7.20E-42	1.231	2.72E-31
ukb	7	rs78017395	21	5320	187717	30420	4	5448	226399	32962	1.83E-33	1.10E-09	0.8462	9.46E-18
ukb	7	rs76096317	0	5797	213752	3929	0	7728	250010	7075	9.72E-104	2.39E-42	1.138	2.63E-13
ukb	7	rs1860150	45515	96243	47854	33866	55045	115985	55194	38589	1.24E-08	3.93E-15	1.028	7.94E-10
ukb	8	rs117679919	0	3544	177610	42324	1	4853	207676	52283	1.33E-12	1.60E-18	1.178	2.74E-13
ukb	9	rs78912274	389	17684	202295	3110	490	23066	235982	5275	4.36E-59	2.04E-02	1.112	3.64E-26
ukb	9	rs1075654	2430	42332	170109	8607	2767	48127	210031	3888	0	2.06E-02	0.9298	2.45E-27
ukb	10	rs17399746	165	10348	212167	798	205	12919	249856	1833	4.2E-59	1.00E+00	1.082	2.98E-09
ukb	10	rs10885997	37164	106051	78050	2213	38554	127646	91741	6872	0	3.09E-11	0.9569	2.06E-25
ukb	11	rs34701876	9	9548	209573	4348	12	12224	244507	8070	9.23E-134	1.16E-78	1.101	5.65E-12
ukb	11	rs74415847	62	8174	198194	17048	65	10639	231082	23027	6.97E-42	7.10E-09	1.112	9.5E-13
ukb	11	rs1790186	0	20966	191835	10677	0	25712	224095	15006	6.19E-44	0.00E+00	1.061	3.3E-09
ukb	12	rs74975458	1	5430	185226	32821	0	5804	221820	37189	1.74E-10	1.22E-31	0.8958	9.57E-09
ukb	12	rs117581727	0	11641	194619	17218	0	16041	226062	22710	1.48E-28	2.20E-186	1.191	6.05E-44
ukb	12	rs17096606	37	22586	199976	879	889	26493	235712	1719	3.02E-35	9.80E-33	1.06	4.54E-10
ukb	12	rs79387839	4272	58257	158170	2779	6537	70077	185707	2492	2.74E-24	1.98E-15	1.061	3.13E-25
ukb	13	rs3933766	785	48293	167091	1313	3776	54850	197950	350	6.09E-169	4.63E-167	1.064	1.5E-21
ukb	14	rs78639510	0	15753	199024	8701	0	20205	233515	11093	1.74E-07	1.08E-300	1.093	1.11E-15
ukb	15	rs1490078	7268	50824	136705	28681	9195	62926	157389	35303	2.82E-07	1.00E+00	1.053	4.14E-18
ukb	15	rs113007156	140	15056	180896	27386	159	14835	221666	28153	1.15E-70	2.16E-29	0.8121	1.08E-69
ukb	15	rs77967925	0	3697	184211	35570	0	5236	214840	44737	4.13E-20	5.84E-22	1.218	1.33E-19
ukb	15	rs9652490	11792	79003	128089	4594	12794	92243	153358	6418	5.26E-18	1.17E-08	0.9602	2.06E-16
ukb	15	rs112807160	0	12899	176850	33729	329	19602	209459	35423	1.09E-65	1.68E-45	1.324	1.04E-128
ukb	15	rs55786559	390	24116	189995	8977	1016	29438	224680	9679	5.1E-11	4.15E-13	1.072	3.92E-15
ukb	15	rs75932209	0	5584	217083	811	23	7226	256834	730	6.76E-08	1.67E-15	1.106	2.59E-08
ukb	18	rs77759352	2	14339	203637	5500	0	14576	244330	5907	1.15E-07	2.98E-186	0.8463	1E-42
ukb	18	rs2048485	2599	55534	161951	3394	5742	67128	190298	1645	2.2E-211	1.70E-70	1.095	3.48E-52
ukb	18	rs72909602	0	7872	206110	9496	1	8380	243968	12464	1.39E-14	3.98E-60	0.9019	1.12E-10
ukb	18	rs78798269	1	16504	174757	32216	0	18811	212054	33948	3.86E-59	0.00E+00	0.9369	5.68E-09
ukb	19	rs35425941	0	12326	197089	14063	0	13236	235850	15727	2.66E-07	1.38E-155	0.8979	7.47E-17
ukb	19	rs12609654	36365	91704	53010	42399	41317	109919	67231	46346	3.49E-40	1.42E-16	0.9493	8.6E-30
