SNP,CHR,TEST,A1,A2,GENO,O.HET.,E.HET.,HWE_PValue,BP,NMISS,OR,STAT,ASSOC_Pvalue,C.MISSING.,MISSING_Pvalue
rs72670911,1,ALL,A,G,0/11226/357499,0.03045,0.02998,2.55E-38,39075209,368653,1.227,10.48,1.12E-25,109090,6.75E-06
rs72670911,1,FEMALE,A,G,0/6647/193616,0.03319,0.03264,8.28E-25,39075209,368653,1.227,10.48,1.12E-25,109090,6.75E-06
rs72670911,1,MALE,A,G,0/4578/163815,0.02719,0.02682,3.37E-14,39075209,368653,1.227,10.48,1.12E-25,109090,6.75E-06
rs2136093,1,ALL,T,C,40307/191908/226886,0.418,0.4174,0.3389,90875888,459017,1.026,5.484,4.15E-08,18714,5.32E-24
rs2136093,1,FEMALE,T,C,21916/104457/121496,0.4214,0.4193,0.01183,90875888,459017,1.026,5.484,4.15E-08,18714,5.32E-24
rs2136093,1,MALE,T,C,18384/87419/105351,0.414,0.4152,0.1927,90875888,459017,1.026,5.484,4.15E-08,18714,5.32E-24
rs12755128,1,ALL,G,A,6467/100811/333795,0.2286,0.2246,4.65E-32,155591625,440991,1.046,6.961,3.38E-12,36742,5.60E-34
rs12755128,1,FEMALE,G,A,4146/54726/181026,0.2281,0.2282,0.8897,155591625,440991,1.046,6.961,3.38E-12,36742,5.60E-34
rs12755128,1,MALE,G,A,2321/46064/152713,0.2291,0.2204,1.53E-75,155591625,440991,1.046,6.961,3.38E-12,36742,5.60E-34
rs12731609,1,ALL,C,G,25950/172991/246003,0.3888,0.3777,1.63E-86,175894037,444863,0.9729,-5.517,3.44E-08,32871,2.87E-14
rs12731609,1,FEMALE,C,G,13387/93584/133245,0.3896,0.3755,1.50E-76,175894037,444863,0.9729,-5.517,3.44E-08,32871,2.87E-14
rs12731609,1,MALE,C,G,12559/79374/112719,0.3878,0.3802,9.34E-20,175894037,444863,0.9729,-5.517,3.44E-08,32871,2.87E-14
rs12749856,1,ALL,T,C,24611/151302/234173,0.369,0.3694,0.4062,201131640,410012,1.031,5.953,2.63E-09,67729,5.36E-13
rs12749856,1,FEMALE,T,C,13460/83308/126107,0.3738,0.3723,0.05481,201131640,410012,1.031,5.953,2.63E-09,67729,5.36E-13
rs12749856,1,MALE,T,C,11149/67966/108027,0.3632,0.366,0.0008442,201131640,410012,1.031,5.953,2.63E-09,67729,5.36E-13
rs17492329,1,ALL,C,T,27263/178549/268478,0.3765,0.3707,4.13E-27,202461103,474202,1.04,8.136,4.08E-16,3525,2.39E-257
rs17492329,1,FEMALE,C,T,16043/96467/145252,0.3742,0.3744,0.8767,202461103,474202,1.04,8.136,4.08E-16,3525,2.39E-257
rs17492329,1,MALE,C,T,11210/82055/123181,0.3791,0.3662,1.57E-61,202461103,474202,1.04,8.136,4.08E-16,3525,2.39E-257
rs6427952,1,ALL,A,G,106094/239660/123349,0.5109,0.4993,1.11E-56,202492418,469015,0.9743,-6.181,6.36E-10,8712,4.13E-196
rs6427952,1,FEMALE,A,G,57376/129553/68404,0.5074,0.4991,3.62E-17,202492418,469015,0.9743,-6.181,6.36E-10,8712,4.13E-196
rs6427952,1,MALE,A,G,48700/110057/54931,0.515,0.4996,2.01E-46,202492418,469015,0.9743,-6.181,6.36E-10,8712,4.13E-196
rs114291166,1,ALL,G,A,0/26059/444856,0.05534,0.05381,1.54E-161,240370702,470827,0.919,-6.6,4.10E-11,6900,5.80E-06
rs114291166,1,FEMALE,G,A,0/13611/241140,0.05343,0.052,8.25E-82,240370702,470827,0.919,-6.6,4.10E-11,6900,5.80E-06
rs114291166,1,MALE,G,A,0/12440/203642,0.05757,0.05591,9.26E-81,240370702,470827,0.919,-6.6,4.10E-11,6900,5.80E-06
rs76712070,1,ALL,G,A,0/51912/418052,0.1105,0.1044,0,243050615,469878,1.225,21.43,6.36E-102,7851,2.14E-153
rs76712070,1,FEMALE,G,A,0/30522/225057,0.1194,0.1123,0,243050615,469878,1.225,21.43,6.36E-102,7851,2.14E-153
rs76712070,1,MALE,G,A,0/21382/192923,0.09977,0.0948,1.49E-244,243050615,469878,1.225,21.43,6.36E-102,7851,2.14E-153
rs2491862,1,ALL,C,T,104296/238506/131771,0.5026,0.4983,4.41E-09,243106784,474485,0.9711,-7.068,1.58E-12,3242,0
rs2491862,1,FEMALE,C,T,56138/129081/72781,0.5003,0.4979,0.01462,243106784,474485,0.9711,-7.068,1.58E-12,3242,0
rs2491862,1,MALE,C,T,48137/109382/58972,0.5052,0.4987,1.32E-09,243106784,474485,0.9711,-7.068,1.58E-12,3242,0
rs79025787,2,ALL,A,G,25994/179107/263332,0.3824,0.3716,9.55E-88,88178259,468348,0.9209,-16.85,1.06E-63,9457,4.98E-156
rs79025787,2,FEMALE,A,G,11758/97647/142958,0.3869,0.3649,1.29E-209,88178259,468348,0.9209,-16.85,1.06E-63,9457,4.98E-156
rs79025787,2,MALE,A,G,14232/81427/120332,0.377,0.3793,0.003923,88178259,468348,0.9209,-16.85,1.06E-63,9457,4.98E-156
rs115150096,2,ALL,A,G,1/27959/442758,0.0594,0.05764,7.25E-184,170974626,470632,0.9048,-8.086,6.18E-16,7172,1.85E-10
rs115150096,2,FEMALE,A,G,0/14493/240100,0.05693,0.05531,9.46E-93,170974626,470632,0.9048,-8.086,6.18E-16,7172,1.85E-10
rs115150096,2,MALE,A,G,1/13461/202583,0.06231,0.06037,3.75E-92,170974626,470632,0.9048,-8.086,6.18E-16,7172,1.85E-10
rs1303828,2,ALL,T,C,9559/107669/281290,0.2702,0.2675,4.10E-10,185355598,398447,1.051,8.025,1.02E-15,79372,4.50E-10
rs1303828,2,FEMALE,T,C,5246/59719/151604,0.2758,0.2716,1.31E-12,185355598,398447,1.051,8.025,1.02E-15,79372,4.50E-10
rs1303828,2,MALE,T,C,4311/47929/129643,0.2635,0.2626,0.1301,185355598,398447,1.051,8.025,1.02E-15,79372,4.50E-10
rs11710967,3,ALL,C,T,6636/111831/367187,0.2303,0.2244,4.55E-77,16640075,485562,1.071,11.06,1.94E-28,2723,2.57E-198
rs11710967,3,FEMALE,C,T,4630/60561/198915,0.2293,0.2294,0.7893,16640075,485562,1.071,11.06,1.94E-28,2723,2.57E-198
rs11710967,3,MALE,C,T,2006/51254/168202,0.2314,0.2184,6.98E-196,16640075,485562,1.071,11.06,1.94E-28,2723,2.57E-198
rs116763244,3,ALL,A,G,0/23155/461714,0.04776,0.04661,1.72E-123,165719679,484778,0.9273,-5.582,2.38E-08,3508,9.55E-08
rs116763244,3,FEMALE,A,G,0/12151/250917,0.04619,0.04512,5.99E-63,165719679,484778,0.9273,-5.582,2.38E-08,3508,9.55E-08
rs116763244,3,MALE,A,G,0/11001/210715,0.04962,0.04839,2.97E-61,165719679,484778,0.9273,-5.582,2.38E-08,3508,9.55E-08
rs13117803,4,ALL,A,G,15966/156499/310289,0.3242,0.3141,6.13E-112,39542641,482664,1.091,16.39,2.27E-60,5623,0
rs13117803,4,FEMALE,A,G,10879/84441/168792,0.3197,0.3213,0.01381,39542641,482664,1.091,16.39,2.27E-60,5623,0
rs13117803,4,MALE,A,G,5087/72030/141441,0.3296,0.3054,0,39542641,482664,1.091,16.39,2.27E-60,5623,0
rs74863689,4,ALL,A,G,0/44440/397264,0.1006,0.09555,0,61469501,441621,1.076,7.252,4.12E-13,46673,1.48E-19
rs74863689,4,FEMALE,A,G,0/24678/213903,0.1034,0.09809,4.01E-293,61469501,441621,1.076,7.252,4.12E-13,46673,1.48E-19
rs74863689,4,MALE,A,G,0/19753/183293,0.09728,0.09255,5.71E-220,61469501,441621,1.076,7.252,4.12E-13,46673,1.48E-19
rs72641554,4,ALL,A,G,237/20245/454076,0.04266,0.04271,0.4444,64366362,474469,1.126,8.361,6.23E-17,13819,1.44E-53
rs72641554,4,FEMALE,A,G,136/11530/244769,0.04496,0.04496,0.9475,64366362,474469,1.126,8.361,6.23E-17,13819,1.44E-53
rs72641554,4,MALE,A,G,101/8711/209228,0.03995,0.04004,0.2728,64366362,474469,1.126,8.361,6.23E-17,13819,1.44E-53
rs62306016,4,ALL,C,T,8723/116176/354293,0.2424,0.24,7.00E-13,70243367,479103,1.045,7.397,1.40E-13,9185,1.30E-21
rs62306016,4,FEMALE,C,T,5279/63223/191784,0.2429,0.2433,0.4135,70243367,479103,1.045,7.397,1.40E-13,9185,1.30E-21
rs62306016,4,MALE,C,T,3444/52935/162444,0.2419,0.236,1.11E-32,70243367,479103,1.045,7.397,1.40E-13,9185,1.30E-21
rs11932211,4,ALL,T,C,0/32282/448458,0.06715,0.0649,2.86E-244,189359650,480651,1.101,8.093,5.84E-16,7637,7.72E-226
rs11932211,4,FEMALE,T,C,0/18255/241062,0.0704,0.06792,3.85E-145,189359650,480651,1.101,8.093,5.84E-16,7637,7.72E-226
rs11932211,4,MALE,T,C,0/14018/207322,0.06333,0.06133,2.97E-100,189359650,480651,1.101,8.093,5.84E-16,7637,7.72E-226
rs77027000,5,ALL,T,C,1/23365/445562,0.04983,0.04859,1.34E-127,63110262,468840,0.8723,-10.15,3.24E-24,8992,1.90E-83
rs77027000,5,FEMALE,T,C,1/11975/242805,0.047,0.0459,6.75E-61,63110262,468840,0.8723,-10.15,3.24E-24,8992,1.90E-83
rs77027000,5,MALE,T,C,0/11389/202676,0.0532,0.05179,3.34E-68,63110262,468840,0.8723,-10.15,3.24E-24,8992,1.90E-83
rs4571441,5,ALL,T,C,133/10885/459816,0.02312,0.0234,1.20E-13,104435376,470746,0.869,-7.33,2.29E-13,7086,3.53E-69
rs4571441,5,FEMALE,T,C,68/5516/250055,0.02158,0.02186,4.74E-09,104435376,470746,0.869,-7.33,2.29E-13,7086,3.53E-69
rs4571441,5,MALE,T,C,65/5369/209679,0.02496,0.02524,3.86E-06,104435376,470746,0.869,-7.33,2.29E-13,7086,3.53E-69
rs75894238,6,ALL,A,G,0/19652/455535,0.04136,0.0405,1.01E-90,10128350,475096,0.8346,-12.37,3.59E-35,13190,5.01E-11
rs75894238,6,FEMALE,A,G,0/9808/247482,0.03812,0.03739,4.72E-42,10128350,475096,0.8346,-12.37,3.59E-35,13190,5.01E-11
rs75894238,6,MALE,A,G,0/9837/207975,0.04516,0.04414,6.48E-50,10128350,475096,0.8346,-12.37,3.59E-35,13190,5.01E-11
rs2523933,6,ALL,T,G,44403/206353/231721,0.4277,0.4246,5.46E-07,29932292,482387,0.9647,-8.066,7.27E-16,5900,2.49E-15
rs2523933,6,FEMALE,T,G,22833/112294/126187,0.4297,0.4218,4.92E-22,29932292,482387,0.9647,-8.066,7.27E-16,5900,2.49E-15
rs2523933,6,MALE,T,G,21562/94026/105490,0.4253,0.4279,0.003792,29932292,482387,0.9647,-8.066,7.27E-16,5900,2.49E-15
rs3094144,6,ALL,C,A,114893/241475/124437,0.5022,0.4998,0.0007629,30000520,480714,0.9662,-8.347,7.01E-17,7572,1.65E-58
rs3094144,6,FEMALE,C,A,60322/132338/67359,0.509,0.4996,1.86E-21,30000520,480714,0.9662,-8.347,7.01E-17,7572,1.65E-58
rs3094144,6,MALE,C,A,54549/109102/57050,0.4943,0.4999,1.47E-07,30000520,480714,0.9662,-8.347,7.01E-17,7572,1.65E-58
rs3734837,6,ALL,A,G,10921/120195/332558,0.2592,0.2594,0.6204,30080036,463589,1.06,9.932,3.01E-23,24703,1.41E-141
rs3734837,6,FEMALE,A,G,5987/66149/177363,0.2651,0.2641,0.05185,30080036,463589,1.06,9.932,3.01E-23,24703,1.41E-141
rs3734837,6,MALE,A,G,4932/54028/155136,0.2524,0.2539,0.005035,30080036,463589,1.06,9.932,3.01E-23,24703,1.41E-141
rs6568472,6,ALL,G,A,109239/240255/130612,0.5004,0.499,0.05006,107510585,480015,1.029,6.827,8.64E-12,8271,2.55E-31
rs6568472,6,FEMALE,G,A,60670/129529/70653,0.4966,0.4993,0.005595,107510585,480015,1.029,6.827,8.64E-12,8271,2.55E-31
rs6568472,6,MALE,G,A,48553/110680/59936,0.505,0.4987,2.58E-09,107510585,480015,1.029,6.827,8.64E-12,8271,2.55E-31
rs113562373,6,ALL,C,T,186/23372/443428,0.05005,0.04955,2.88E-13,127614446,466898,1.112,7.918,2.41E-15,21391,1.08E-37
rs113562373,6,FEMALE,C,T,112/13188/239002,0.05227,0.05175,5.97E-08,127614446,466898,1.112,7.918,2.41E-15,21391,1.08E-37
rs113562373,6,MALE,C,T,74/10181/204346,0.04744,0.04697,7.24E-07,127614446,466898,1.112,7.918,2.41E-15,21391,1.08E-37
rs6569673,6,ALL,T,C,21397/137853/265410,0.3246,0.3349,1.31E-87,130627814,424581,1.036,6.5,8.04E-11,63717,1.35E-12
rs6569673,6,FEMALE,T,C,11845/76077/143174,0.3292,0.3385,2.13E-39,130627814,424581,1.036,6.5,8.04E-11,63717,1.35E-12
rs6569673,6,MALE,T,C,9545/61751/122194,0.3191,0.3305,9.16E-51,130627814,424581,1.036,6.5,8.04E-11,63717,1.35E-12
rs74675632,7,ALL,T,C,1090/40250/403961,0.09039,0.09074,0.009288,9201749,445214,1.067,6.467,1.00E-10,43076,2.36E-07
rs74675632,7,FEMALE,T,C,625/22349/217970,0.09276,0.09315,0.03874,9201749,445214,1.067,6.467,1.00E-10,43076,2.36E-07
rs74675632,7,MALE,T,C,465/17892/185918,0.08759,0.0879,0.1099,9201749,445214,1.067,6.467,1.00E-10,43076,2.36E-07
rs3800962,7,ALL,A,C,80407/235936/165702,0.4894,0.4843,2.54E-13,18066569,481953,0.9401,-14.64,1.55E-48,6332,0
rs3800962,7,FEMALE,A,C,40811/128614/90368,0.4951,0.4818,9.46E-45,18066569,481953,0.9401,-14.64,1.55E-48,6332,0
rs3800962,7,MALE,A,C,39577/107280/75309,0.4829,0.4871,5.15E-05,18066569,481953,0.9401,-14.64,1.55E-48,6332,0
rs76083184,7,ALL,T,G,0/55021/370507,0.1293,0.1209,0,40416437,425443,1.094,9.703,2.92E-22,62849,7.73E-41
rs76083184,7,FEMALE,T,G,0/30684/198490,0.1339,0.1249,0,40416437,425443,1.094,9.703,2.92E-22,62849,7.73E-41
rs76083184,7,MALE,T,G,0/24327/171948,0.1239,0.1163,0,40416437,425443,1.094,9.703,2.92E-22,62849,7.73E-41
rs7432,7,ALL,T,C,1739/51761/429669,0.1071,0.1078,2.39E-05,42977342,483078,1.06,6.574,4.88E-11,5208,9.69E-73
rs7432,7,FEMALE,T,C,941/28744/231667,0.11,0.1103,0.1208,42977342,483078,1.06,6.574,4.88E-11,5208,9.69E-73
rs7432,7,MALE,T,C,798/23007/197927,0.1038,0.1048,4.39E-06,42977342,483078,1.06,6.574,4.88E-11,5208,9.69E-73
rs79236716,7,ALL,T,C,0/13418/461752,0.02824,0.02784,2.43E-42,46465748,475079,1.231,11.64,2.72E-31,13207,8.26E-11
rs79236716,7,FEMALE,T,C,0/7913/249372,0.03076,0.03028,1.78E-27,46465748,475079,1.231,11.64,2.72E-31,13207,8.26E-11
rs79236716,7,MALE,T,C,0/5503/212297,0.02527,0.02495,7.63E-16,46465748,475079,1.231,11.64,2.72E-31,13207,8.26E-11
rs78017395,7,ALL,T,C,25/10770/414185,0.02534,0.02514,1.35E-09,80018204,424903,0.8462,-8.58,9.46E-18,63397,1.83E-33
rs78017395,7,FEMALE,T,C,4/5448/226399,0.0235,0.02326,7.75E-10,80018204,424903,0.8462,-8.58,9.46E-18,63397,1.83E-33
rs78017395,7,MALE,T,C,21/5320/187717,0.02756,0.02739,0.00404,80018204,424903,0.8462,-8.58,9.46E-18,63397,1.83E-33
rs76096317,7,ALL,A,G,0/13527/463845,0.02834,0.02793,7.67E-43,91211177,477281,1.138,7.312,2.63E-13,11005,9.72E-104
rs76096317,7,FEMALE,A,G,0/7728/250010,0.02998,0.02953,4.06E-26,91211177,477281,1.138,7.312,2.63E-13,11005,9.72E-104
rs76096317,7,MALE,A,G,0/5797/213752,0.0264,0.02606,2.77E-17,91211177,477281,1.138,7.312,2.63E-13,11005,9.72E-104
rs1860150,7,ALL,T,G,100575/212258/103072,0.5104,0.5,8.47E-41,139167934,415831,1.028,6.146,7.94E-10,72472,1.24E-08
rs1860150,7,FEMALE,T,G,55045/115985/55194,0.5127,0.5,1.36E-33,139167934,415831,1.028,6.146,7.94E-10,72472,1.24E-08
rs1860150,7,MALE,T,G,45515/96243/47854,0.5076,0.4999,2.60E-11,139167934,415831,1.028,6.146,7.94E-10,72472,1.24E-08
rs117679919,8,ALL,T,C,1/8398/385357,0.02133,0.02111,1.75E-18,23100602,393679,1.178,7.307,2.74E-13,94621,1.33E-12
rs117679919,8,FEMALE,T,C,1/4853/207676,0.02283,0.02258,2.55E-11,23100602,393679,1.178,7.307,2.74E-13,94621,1.33E-12
rs117679919,8,MALE,T,C,0/3544/177610,0.01956,0.01937,5.13E-08,23100602,393679,1.178,7.307,2.74E-13,94621,1.33E-12
rs78912274,9,ALL,G,A,879/40762/438350,0.08492,0.08466,0.03237,11274294,479900,1.112,10.58,3.64E-26,8386,4.36E-59
rs78912274,9,FEMALE,G,A,490/23066/235982,0.08887,0.08836,0.002604,11274294,479900,1.112,10.58,3.64E-26,8386,4.36E-59
rs78912274,9,MALE,G,A,389/17684/202295,0.08025,0.08027,0.884,11274294,479900,1.112,10.58,3.64E-26,8386,4.36E-59
rs1075654,9,ALL,A,G,5197/90478/380203,0.1901,0.1895,0.02286,136928276,475790,0.9298,-10.83,2.45E-27,12499,0
rs1075654,9,FEMALE,A,G,2767/48127/210031,0.1844,0.1845,0.861,136928276,475790,0.9298,-10.83,2.45E-27,12499,0
rs1075654,9,MALE,A,G,2430/42332/170109,0.197,0.1955,0.0003424,136928276,475790,0.9298,-10.83,2.45E-27,12499,0
rs17399746,10,ALL,A,G,370/23272/462104,0.04791,0.04821,2.19E-05,6876020,485654,1.082,5.933,2.98E-09,2631,4.20E-59
rs17399746,10,FEMALE,A,G,205/12919/249856,0.04913,0.0494,0.005353,6876020,485654,1.082,5.933,2.98E-09,2631,4.20E-59
rs17399746,10,MALE,A,G,165/10348/212167,0.04647,0.0468,0.001188,6876020,485654,1.082,5.933,2.98E-09,2631,4.20E-59
rs10885997,10,ALL,G,A,75732/233732/169826,0.4877,0.4807,1.70E-23,118397971,479200,0.9569,-10.42,2.06E-25,9087,0
rs10885997,10,FEMALE,G,A,38554/127646/91741,0.4949,0.4787,1.02E-65,118397971,479200,0.9569,-10.42,2.06E-25,9087,0
rs10885997,10,MALE,G,A,37164/106051/78050,0.4793,0.4829,0.0003979,118397971,479200,0.9569,-10.42,2.06E-25,9087,0
rs34701876,11,ALL,G,A,21/21777/454159,0.04575,0.04479,1.75E-80,70212333,475867,1.101,6.888,5.65E-12,12420,9.23E-134
rs34701876,11,FEMALE,G,A,12/12224/244507,0.04761,0.04657,4.79E-48,70212333,475867,1.101,6.888,5.65E-12,12420,9.23E-134
rs34701876,11,MALE,G,A,9/9548/209573,0.04357,0.0427,3.40E-34,70212333,475867,1.101,6.888,5.65E-12,12420,9.23E-134
rs74415847,11,ALL,A,G,127/18818/429345,0.04198,0.04164,6.35E-09,99326849,448210,1.112,7.138,9.50E-13,40087,6.97E-42
rs74415847,11,FEMALE,A,G,65/10639/231082,0.044,0.04355,2.75E-08,99326849,448210,1.112,7.138,9.50E-13,40087,6.97E-42
rs74415847,11,MALE,A,G,62/8174/198194,0.0396,0.03939,0.01496,99326849,448210,1.112,7.138,9.50E-13,40087,6.97E-42
rs1790186,11,ALL,T,C,0/46686/416005,0.1009,0.09581,0,118846355,462602,1.061,5.916,3.30E-09,25686,6.19E-44
rs1790186,11,FEMALE,T,C,0/25712/224095,0.1029,0.09763,1.47E-303,118846355,462602,1.061,5.916,3.30E-09,25686,6.19E-44
rs1790186,11,MALE,T,C,0/20966/191835,0.09852,0.09367,1.35E-236,118846355,462602,1.061,5.916,3.30E-09,25686,6.19E-44
rs74975458,12,ALL,T,C,1/11239/407115,0.02686,0.02651,6.71E-32,18044653,418276,0.8958,-5.738,9.57E-09,70022,1.74E-10
rs74975458,12,FEMALE,T,C,0/5804/221820,0.0255,0.02517,7.83E-17,18044653,418276,0.8958,-5.738,9.57E-09,70022,1.74E-10
rs74975458,12,MALE,T,C,1/5430/185226,0.02848,0.02809,4.66E-16,18044653,418276,0.8958,-5.738,9.57E-09,70022,1.74E-10
rs117581727,12,ALL,T,C,0/27685/420758,0.06174,0.05983,3.38E-192,19002330,448358,1.191,13.9,6.05E-44,39934,1.48E-28
rs117581727,12,FEMALE,T,C,0/16041/226062,0.06626,0.06406,6.28E-120,19002330,448358,1.191,13.9,6.05E-44,39934,1.48E-28
rs117581727,12,MALE,T,C,0/11641/194619,0.05644,0.05485,7.41E-74,19002330,448358,1.191,13.9,6.05E-44,39934,1.48E-28
rs17096606,12,ALL,G,A,926/49087/435766,0.101,0.09936,1.66E-35,38532743,485687,1.06,6.234,4.54E-10,2598,3.02E-35
rs17096606,12,FEMALE,G,A,889/26493/235712,0.1007,0.1017,1.16E-06,38532743,485687,1.06,6.234,4.54E-10,2598,3.02E-35
rs17096606,12,MALE,G,A,37/22586/199976,0.1015,0.09662,8.54E-204,38532743,485687,1.06,6.234,4.54E-10,2598,3.02E-35
rs79387839,12,ALL,G,T,10811/128350/343945,0.2657,0.2622,5.44E-20,103696182,483014,1.061,10.38,3.13E-25,5271,2.74E-24
rs79387839,12,FEMALE,G,T,6537/70077/185707,0.2671,0.2667,0.4443,103696182,483014,1.061,10.38,3.13E-25,5271,2.74E-24
rs79387839,12,MALE,G,T,4272/58257/158170,0.264,0.2569,7.25E-40,103696182,483014,1.061,10.38,3.13E-25,5271,2.74E-24
rs3933766,13,ALL,G,A,4561/103163/365105,0.2182,0.2093,8.62E-206,20110195,472739,1.064,9.535,1.50E-21,1663,6.09E-169
rs3933766,13,FEMALE,G,A,3776/54850/197950,0.2138,0.2136,0.7429,20110195,472739,1.064,9.535,1.50E-21,1663,6.09E-169
rs3933766,13,MALE,G,A,785/48293/167091,0.2234,0.2041,0,20110195,472739,1.064,9.535,1.50E-21,1663,6.09E-169
rs78639510,14,ALL,T,C,0/35967/432610,0.07676,0.07381,1.96699999999763e-312,43817027,468491,1.093,8.014,1.11E-15,19800,1.74E-07
rs78639510,14,FEMALE,T,C,0/20205/233515,0.07964,0.07646,1.95E-182,43817027,468491,1.093,8.014,1.11E-15,19800,1.74E-07
rs78639510,14,MALE,T,C,0/15753/199024,0.07335,0.07066,6.03E-131,43817027,468491,1.093,8.014,1.11E-15,19800,1.74E-07
rs1490078,15,ALL,A,G,16467/113765/294148,0.2681,0.2859,0,29303531,424302,1.053,8.675,4.14E-18,63997,2.82E-07
rs1490078,15,FEMALE,A,G,9195/62926/157389,0.2742,0.2915,2.12E-170,29303531,424302,1.053,8.675,4.14E-18,63997,2.82E-07
rs1490078,15,MALE,A,G,7268/50824/136705,0.2609,0.2792,6.31E-174,29303531,424302,1.053,8.675,4.14E-18,63997,2.82E-07
rs113007156,15,ALL,T,C,299/29897/402633,0.06907,0.06797,9.28E-31,54653854,432748,0.8121,-17.65,1.08E-69,55548,1.15E-70
rs113007156,15,FEMALE,T,C,159/14835/221666,0.06268,0.06198,4.43E-09,54653854,432748,0.8121,-17.65,1.08E-69,55548,1.15E-70
rs113007156,15,MALE,T,C,140/15056/180896,0.07678,0.07515,2.15E-26,54653854,432748,0.8121,-17.65,1.08E-69,55548,1.15E-70
rs77967925,15,ALL,A,C,0/8933/399118,0.02189,0.02165,5.22E-22,61650493,407978,1.218,9.058,1.33E-19,80326,4.13E-20
rs77967925,15,FEMALE,A,C,0/5236/214840,0.02379,0.02351,3.89E-14,61650493,407978,1.218,9.058,1.33E-19,80326,4.13E-20
rs77967925,15,MALE,A,C,0/3697/184211,0.01967,0.01948,1.33E-08,61650493,407978,1.218,9.058,1.33E-19,80326,4.13E-20
rs9652490,15,ALL,G,A,24589/171274/281501,0.3588,0.3552,1.82E-12,77963887,477274,0.9602,-8.218,2.06E-16,11013,5.26E-18
rs9652490,15,FEMALE,G,A,12794/92243/153358,0.357,0.352,7.65E-13,77963887,477274,0.9602,-8.218,2.06E-16,11013,5.26E-18
rs9652490,15,MALE,G,A,11792/79003/128089,0.3609,0.3589,0.006546,77963887,477274,0.9602,-8.218,2.06E-16,11013,5.26E-18
rs112807160,15,ALL,C,A,329/32503/386381,0.07753,0.07597,3.46E-48,84823096,419134,1.324,24.14,1.04E-128,69164,1.09E-65
rs112807160,15,FEMALE,C,A,329/19602/209459,0.08545,0.08442,1.03E-09,84823096,419134,1.324,24.14,1.04E-128,69164,1.09E-65
rs112807160,15,MALE,C,A,0/12899/176850,0.06798,0.06567,5.02E-99,84823096,419134,1.324,24.14,1.04E-128,69164,1.09E-65
rs55786559,15,ALL,A,G,1406/53569/414742,0.114,0.1128,3.56E-14,85077738,469629,1.072,7.857,3.92E-15,18660,5.10E-11
rs55786559,15,FEMALE,A,G,1016/29438/224680,0.1154,0.1157,0.1175,85077738,469629,1.072,7.857,3.92E-15,18660,5.10E-11
rs55786559,15,MALE,A,G,390/24116/189995,0.1124,0.1093,5.01E-46,85077738,469629,1.072,7.857,3.92E-15,18660,5.10E-11
rs75932209,15,ALL,T,C,23/12810/474003,0.02631,0.02606,1.37E-15,85890858,486744,1.106,5.567,2.59E-08,1541,6.76E-08
rs75932209,15,FEMALE,T,C,23/7226/256834,0.02736,0.02716,2.50E-05,85890858,486744,1.106,5.567,2.59E-08,1541,6.76E-08
rs75932209,15,MALE,T,C,0/5584/217083,0.02508,0.02476,4.83E-16,85890858,486744,1.106,5.567,2.59E-08,1541,6.76E-08
rs77759352,18,ALL,A,C,2/28919/448047,0.06063,0.0588,6.06E-192,19521256,476878,0.8463,-13.7,1.00E-42,11409,1.15E-07
rs77759352,18,FEMALE,A,C,0/14576/244330,0.0563,0.05471,3.60E-92,19521256,476878,0.8463,-13.7,1.00E-42,11409,1.15E-07
rs77759352,18,MALE,A,C,2/14339/203637,0.06578,0.06364,3.75E-102,19521256,476878,0.8463,-13.7,1.00E-42,11409,1.15E-07
rs2048485,18,ALL,C,T,8341/122693/352304,0.2538,0.2468,9.46E-92,42090667,483246,1.095,15.2,3.48E-52,5039,2.20E-211
rs2048485,18,FEMALE,C,T,5742/67128/190298,0.2551,0.2541,0.04822,42090667,483246,1.095,15.2,3.48E-52,5039,2.20E-211
rs2048485,18,MALE,C,T,2599/55534/161951,0.2523,0.2379,1.20E-198,42090667,483246,1.095,15.2,3.48E-52,5039,2.20E-211
rs72909602,18,ALL,T,G,1/16258/450153,0.03486,0.03425,6.50E-61,42487520,466325,0.9019,-6.45,1.12E-10,21965,1.39E-14
rs72909602,18,FEMALE,T,G,1/8380/243968,0.03321,0.03266,1.79E-29,42487520,466325,0.9019,-6.45,1.12E-10,21965,1.39E-14
rs72909602,18,MALE,T,G,0/7872/206110,0.03679,0.03611,1.70E-32,42487520,466325,0.9019,-6.45,1.12E-10,21965,1.39E-14
rs78798269,18,ALL,T,C,1/35321/386878,0.08366,0.08016,0,57744516,422122,0.9369,-5.826,5.68E-09,66177,3.86E-59
rs78798269,18,FEMALE,T,C,0/18811/212054,0.08148,0.07816,5.51E-174,57744516,422122,0.9369,-5.826,5.68E-09,66177,3.86E-59
rs78798269,18,MALE,T,C,1/16504/174757,0.08629,0.08258,1.16E-159,57744516,422122,0.9369,-5.826,5.68E-09,66177,3.86E-59
rs35425941,19,ALL,T,C,0/25570/433012,0.05576,0.0542,9.51E-160,53255465,458496,0.8979,-8.339,7.47E-17,29795,2.66E-07
rs35425941,19,FEMALE,T,C,0/13236/235850,0.05314,0.05173,4.26E-79,53255465,458496,0.8979,-8.339,7.47E-17,29795,2.66E-07
rs35425941,19,MALE,T,C,0/12326/197089,0.05886,0.05713,7.34E-82,53255465,458496,0.8979,-8.339,7.47E-17,29795,2.66E-07
rs12609654,19,ALL,T,G,77694/201663/120261,0.5046,0.4943,1.01E-39,58868480,399542,0.9493,-11.34,8.60E-30,88759,3.49E-40
rs12609654,19,FEMALE,T,G,41317/109919/67231,0.5031,0.493,5.11E-22,58868480,399542,0.9493,-11.34,8.60E-30,88759,3.49E-40
rs12609654,19,MALE,T,G,36365/91704/53010,0.5064,0.4958,5.90E-20,58868480,399542,0.9493,-11.34,8.60E-30,88759,3.49E-40