CHR	SNP	BP	OR	P	Query	Subject	%id	q.start	q.end	s.start	s.end	e-value	bit score
14	14:35761675-C-G	35761675	1.162	1.94E-20	chr14:35761625-35761725	chr14	100	1	100	35761626	35761725	1.40E-50	197
14	14:35761675-C-G	35761675	1.162	1.94E-20	chr14:35761625-35761725	chrY	96	1	100	15398461	15398560	2.10E-47	187
13	JHU_13.20119335	20119336	1.185	1.26E-31	chr13:20119286-20119386	chr13	100	1	100	20119287	20119386	1.80E-49	193
13	JHU_13.20119335	20119336	1.185	1.26E-31	chr13:20119286-20119386	chrY	96	1	100	28612739	28612641	2.60E-43	173
3	JHU_3.16652239	16652240	1.308	2.82E-83	chr3:16652190-16652290	chr3	100	1	100	16652191	16652290	1.30E-49	194
3	JHU_3.16652239	16652240	1.308	2.82E-83	chr3:16652190-16652290	chrY	91	1	100	26964473	26964572	4.10E-42	169
3	JHU_3.16652239	16652240	1.308	2.82E-83	chr3:16652190-16652290	chrY	91	1	100	26975133	26975034	4.10E-42	169
3	JHU_3.16652239	16652240	1.308	2.82E-83	chr3:16652190-16652290	chrY	91	1	100	25360747	25360648	4.10E-42	169
3	JHU_3.16652239	16652240	1.308	2.82E-83	chr3:16652190-16652290	chrY	90	1	100	25350088	25350187	9.90E-41	164
7	rs145369881	100351596	0.7808	3.25E-08	chr7:100351546-100351646	chr7	100	1	100	100351547	100351646	4.50E-50	195
7	rs145369881	100351596	0.7808	3.25E-08	chr7:100351546-100351646	chr7	96.43	5	32	36870027	36870000	1.20E-06	51
7	rs145369881	100351596	0.7808	3.25E-08	chr7:100351546-100351646	chr7	95.65	62	83	36869971	36869949	0.077	35
7	rs145369881	100351596	0.7808	3.25E-08	chr7:100351546-100351646	chr5	84.85	18	83	71356021	71355956	2.30E-21	100
7	rs145369881	100351596	0.7808	3.25E-08	chr7:100351546-100351646	chr5	88.1	2	40	171802462	171802503	2.40E-09	60
7	rs145369881	100351596	0.7808	3.25E-08	chr7:100351546-100351646	chr5	100	74	84	171802533	171802543	930	22
7	rs145369881	100351596	0.7808	3.25E-08	chr7:100351546-100351646	chr11	90.57	1	53	86420002	86419950	7.60E-18	88
7	rs145369881	100351596	0.7808	3.25E-08	chr7:100351546-100351646	chr11	70.51	5	82	66694142	66694219	1.60E-13	74
7	rs145369881	100351596	0.7808	3.25E-08	chr7:100351546-100351646	chr11	89.74	45	83	32840472	32840434	2.20E-10	64
7	rs145369881	100351596	0.7808	3.25E-08	chr7:100351546-100351646	chr1	90.2	1	51	6864511	6864561	1.30E-16	84
7	rs145369881	100351596	0.7808	3.25E-08	chr7:100351546-100351646	chr1	91.49	5	51	212982616	212982570	4.60E-15	79
7	rs145369881	100351596	0.7808	3.25E-08	chr7:100351546-100351646	chr1	86.54	5	53	41596416	41596467	2.80E-13	73
7	rs145369881	100351596	0.7808	3.25E-08	chr7:100351546-100351646	chr1	100	59	66	212982563	212982556	45000	16
7	rs145369881	100351596	0.7808	3.25E-08	chr7:100351546-100351646	chr2	91.11	9	53	75955120	75955076	1.50E-14	77
7	rs145369881	100351596	0.7808	3.25E-08	chr7:100351546-100351646	chrX	85.71	1	42	77222191	77222150	6.30E-11	65
7	rs145369881	100351596	0.7808	3.25E-08	chr7:100351546-100351646	chrX	100	67	79	77222124	77222112	48	26
7	rs145369881	100351596	0.7808	3.25E-08	chr7:100351546-100351646	chrX	100	45	53	77222148	77222140	12000	18
7	rs145369881	100351596	0.7808	3.25E-08	chr7:100351546-100351646	chr8	93.33	5	34	19286526	19286555	3.80E-07	53
7	rs145369881	100351596	0.7808	3.25E-08	chr7:100351546-100351646	chr8	100	64	80	19286587	19286603	0.16	34
7	rs77638744	121147858	1.123	1.52E-10	chr7:121147808-121147908	chr7	100	1	100	121147809	121147908	2.70E-50	196
7	rs77638744	121147858	1.123	1.52E-10	chr7:121147808-121147908	chr5	94.85	1	97	152102516	152102420	5.00E-43	172
7	rs77638744	121147858	1.123	1.52E-10	chr7:121147808-121147908	chr8	91.84	1	98	54181511	54181608	2.80E-41	166
