DATASET	CHR	SNP	TEST	A1	A2	NMISS	GENO	O(HET)	E(HET)	P
biovu	3	JHU_3.16652239	ALL	T	C	61709	3272/29184/29253	0.4729	0.4114	4.145e-320
biovu	3	JHU_3.16652239	AFF	T	C	61709	3270/14703/16273	0.4293	0.4279	0.5402
biovu	3	JHU_3.16652239	UNAFF	T	C	61709	2/14481/12980	0.5273	0.3883	0
biovu	7	rs145369881	ALL	T	C	60499	0/2073/58426	0.03427	0.03368	2.80E-08
biovu	7	rs145369881	AFF	T	C	60499	0/1025/32479	0.03059	0.03013	0.0005747
biovu	7	rs145369881	UNAFF	T	C	60499	0/1048/25947	0.03882	0.03807	5.52E-05
biovu	7	rs77638744	ALL	A	G	61361	594/13846/46921	0.2256	0.215	4.50E-38
biovu	7	rs77638744	AFF	A	G	61361	587/7538/25972	0.2211	0.2229	0.1351
biovu	7	rs77638744	UNAFF	A	G	61361	7/6308/20949	0.2314	0.205	4.59E-166
biovu	13	JHU_13.20119335	ALL	C	A	61694	2099/24413/35182	0.3957	0.3562	1.24E-179
biovu	13	JHU_13.20119335	AFF	C	A	61694	2097/12506/19644	0.3652	0.3687	0.07263
biovu	13	JHU_13.20119335	UNAFF	C	A	61694	2/11907/15538	0.4338	0.3398	0
biovu	14	14:35761675-C-G	ALL	G	C	61712	1043/18150/42519	0.2941	0.2741	3.48E-80
biovu	14	14:35761675-C-G	AFF	G	C	61712	1040/9726/23489	0.2839	0.2853	0.3888
biovu	14	14:35761675-C-G	UNAFF	G	C	61712	3/8424/19030	0.3068	0.2599	0
ukb	1	rs75745570	ALL	T	G	471060	0/38320/432826	0.08133	0.07803	0
ukb	1	rs75745570	AFF	T	G	471060	0/20101/235065	0.07878	0.07567	1.21E-179
ukb	1	rs75745570	UNAFF	T	G	471060	0/18212/197688	0.08435	0.0808	7.27E-175
ukb	4	rs114928327	ALL	T	C	413257	0/31438/381898	0.07606	0.07317	1.42E-270
ukb	4	rs114928327	AFF	T	C	413257	0/16180/207441	0.07235	0.06974	1.70E-132
ukb	4	rs114928327	UNAFF	T	C	413257	0/15255/174386	0.08044	0.07721	2.01E-139
ukb	10	rs11598874	ALL	T	C	478329	0/46696/431722	0.09761	0.09284	0
ukb	10	rs11598874	AFF	T	C	478329	0/26021/233313	0.1003	0.0953	2.68E-299
ukb	10	rs11598874	UNAFF	T	C	478329	0/20666/198335	0.09436	0.08991	7.10E-223
ukb	11	rs11032483	ALL	T	C	482581	0/20124/462549	0.04169	0.04082	1.72E-93
ukb	11	rs11032483	AFF	T	C	482581	0/11973/249819	0.04573	0.04469	1.96E-61
ukb	11	rs11032483	UNAFF	T	C	482581	0/8147/212648	0.0369	0.03622	6.64E-34
ukb	11	rs75212444	ALL	T	C	482788	1/14133/468743	0.02927	0.02884	3.09E-44
ukb	11	rs75212444	AFF	T	C	482788	1/7229/254713	0.0276	0.02722	6.45E-21
ukb	11	rs75212444	UNAFF	T	C	482788	0/6903/213948	0.03126	0.03077	2.67E-24
ukb	12	rs7298104	ALL	T	G	475771	0/18728/457134	0.03936	0.03858	2.53E-82
ukb	12	rs7298104	AFF	T	G	475771	0/9733/248201	0.03773	0.03702	3.87E-41
ukb	12	rs7298104	UNAFF	T	G	475771	0/8993/208850	0.04128	0.04043	7.78E-42
ukb	19	rs116890400	ALL	A	G	485047	0/11877/473261	0.02448	0.02418	1.50E-32
ukb	19	rs116890400	AFF	A	G	485047	0/6069/257112	0.02306	0.02279	5.13E-16
ukb	19	rs116890400	UNAFF	A	G	485047	0/5806/216066	0.02617	0.02583	2.24E-17
ukb	21	rs73196350	ALL	A	C	479137	2/38135/441092	0.07958	0.07642	0
ukb	21	rs73196350	AFF	A	C	479137	1/20092/239891	0.07728	0.0743	1.89E-173
ukb	21	rs73196350	UNAFF	A	C	479137	1/18037/201121	0.0823	0.07892	3.98E-166
